{"cameraMode":{"drawMode":0,"name":"Shaded","section":"Shading Mode"},"sceneLighting":true,"audioPlay":false,"sceneViewState":{"m_AlwaysRefresh":false,"showFog":true,"showSkybox":true,"showFlares":true,"showImageEffects":true,"showParticleSystems":true,"showVisualEffectGraphs":true,"m_FxEnabled":true},"in2DMode":false,"pivot":{"x":-2.1367154121398927,"y":2.121408462524414,"z":1.8364818096160889},"rotation":{"x":0.013148375786840916,"y":0.9779528379440308,"z":-0.19804692268371583,"w":0.06493407487869263},"size":4.815871238708496,"orthographic":false}